Timestamp,Action,Status,URL,Post ID,Error
2025-10-09T21:02:19.775439,update,SUCCESS,https://tigertribe.net/can-a-jaguar-kill-a-leopard/,1648,
2025-10-09T21:04:14.874073,update,SUCCESS,https://tigertribe.net/can-a-jaguar-eat-a-crocodile/,1600,
2025-10-09T21:06:13.531905,update,SUCCESS,https://tigertribe.net/mountain-lion-population-by-state-a-comprehensive-overview/,1954,
2025-10-09T21:08:13.781143,update,SUCCESS,https://tigertribe.net/do-lions-eat-elephants-the-answer-may-surprise-you/,424,
2025-10-09T21:10:02.431733,update,SUCCESS,https://tigertribe.net/do-lions-eat-other-lions-when-and-why/,768,
2025-10-09T21:12:01.380901,update,SUCCESS,https://tigertribe.net/wolf-fur-colors/,2255,
2025-10-09T21:14:17.830923,update,SUCCESS,https://tigertribe.net/idaho-mountain-lion-hunting-everything-you-need-to-know/,1846,
2025-10-09T21:16:00.775902,update,SUCCESS,https://tigertribe.net/why-do-mountain-lions-hunt-at-night/,1856,
2025-10-09T21:17:59.850317,update,SUCCESS,https://tigertribe.net/how-to-scare-off-a-mountain-lion-tips/,1849,
2025-10-09T21:20:11.429765,update,SUCCESS,https://tigertribe.net/do-lions-eat-antelope-the-answer-may-surprise-you/,299,
2025-10-09T21:21:59.233010,update,SUCCESS,https://tigertribe.net/what-is-the-jaguar-bite-force-vs-a-tiger/,1636,
2025-10-09T21:24:03.343378,update,SUCCESS,https://tigertribe.net/mountain-lion-hunting-guide-for-utah/,1848,
2025-10-09T21:26:23.938574,update,SUCCESS,https://tigertribe.net/do-coyotes-eat-dead-animals/,2243,
2025-10-09T21:28:42.318242,update,SUCCESS,https://tigertribe.net/can-a-jaguar-kill-a-human/,1638,
2025-10-09T21:30:37.588462,update,SUCCESS,https://tigertribe.net/can-a-jaguar-kill-a-bear/,1596,
2025-10-09T21:32:34.329624,update,SUCCESS,https://tigertribe.net/how-much-are-lions-can-you-even-buy-them/,149,
2025-10-09T21:34:24.306545,update,SUCCESS,https://tigertribe.net/do-jaguars-eat-crocodiles/,1618,
